{"gridPos":{"x":-8.600000381469727,"y":-2.880000114440918},"width":16,"height":9,"characterSpawnPos":[],"enemySpawnPos":[]}